{
  "fase1": {
    "id": "fase1",
    "name": "Pequeno-Almoço",
    "duration": 10,
    "cols": 20,
    "rows": 16,
    "foodList": [
      "Maçã",
      "Banana",
      "Laranja (fruta)",
      "Sumo de laranja (natural)",
      "Sumo de maçã (natural)",
      "Morangos",
      "Framboesa",
      "Kiwi",
      "Pera",
      "Leite integral",
      "Leite magro",
      "Leite de amêndoa (sem açúcar, comercial)",
      "Leite de soja (sem açúcar)",
      "Iogurte natural (inteiro)",
      "Iogurte grego (integral)",
      "Café preto (sem açúcar)",
      "Chá preto (preparado)",
      "Café com leite",
      "Chocolate quente (com leite)",
      "Smoothie de morango (média)",
      "Aveia (flocos, seca)",
      "Papas de aveia (cozidas)",
      "Cereal instantâneo de aveia (preparado)",
      "Cereais flocos (cornflakes)",
      "Granola (com FRUTAS secos e mel)",
      "Muesli (sem açúcar)",
      "Pão integral",
      "Pão branco",
      "Bagel (simples)",
      "Bagel integral com sementes",
      "Croissant",
      "Torrada com tomate (preparado)",
      "Panquecas (cozidas, simples)",
      "Panqueca de aveia com banana",
      "Crepe simples",
      "Waffle",
      "Muffin de mirtilo",
      "Xarope de bordo (maple syrup)",
      "Mel (apicultura)",
      "Manteiga (normal)",
      "Manteiga de amendoim (cremosa)",
      "Nozes (mistura: noz, amêndoa, avelã) — FRUTAS secos",
      "Amêndoas cruas",
      "Amendoim torrado sem sal",
      "Sementes de chia",
      "Abacate",
      "Queijo fresco (cottage)",
      "Queijo mozzarella",
      "Fiambre|Presunto cozido",
      "Bacon (frito)",
      "Salmão fumado",
      "Ovo cozido (sem casca)",
      "Ovo estrelado (frito)"
    ],
    "bgColor": "#4682B4"
  },
  "fase2": {
    "id": "fase2",
    "name": "Lanche da manhã",
    "duration": 10,
    "cols": 15,
    "rows": 12,
    "foodList": [
      "Maçã",
      "Banana",
      "Laranja (fruta)",
      "Sumo de laranja (natural)",
      "Sumo de maçã (natural)",
      "Morangos",
      "Framboesa",
      "Kiwi",
      "Pera",
      "Leite integral",
      "Leite magro",
      "Leite de amêndoa (sem açúcar, comercial)",
      "Leite de soja (sem açúcar)",
      "Iogurte natural (inteiro)",
      "Iogurte grego (integral)",
      "Café preto (sem açúcar)",
      "Chá preto (preparado)",
      "Café com leite",
      "Chocolate quente (com leite)",
      "Smoothie de morango (média)",
      "Aveia (flocos, seca)",
      "Papas de aveia (cozidas)",
      "Cereal instantâneo de aveia (preparado)",
      "Cereais flocos (cornflakes)",
      "Granola (com FRUTAS secos e mel)",
      "Muesli (sem açúcar)",
      "Pão integral",
      "Pão branco",
      "Bagel (simples)",
      "Bagel integral com sementes",
      "Croissant",
      "Torrada com tomate (preparado)",
      "Panquecas (cozidas, simples)",
      "Panqueca de aveia com banana",
      "Crepe simples",
      "Waffle",
      "Muffin de mirtilo",
      "Xarope de bordo (maple syrup)",
      "Mel (apicultura)",
      "Manteiga (normal)",
      "Manteiga de amendoim (cremosa)",
      "Nozes (mistura: noz, amêndoa, avelã) — FRUTAS secos",
      "Amêndoas cruas",
      "Amendoim torrado sem sal",
      "Sementes de chia",
      "Abacate",
      "Queijo fresco (cottage)",
      "Queijo mozzarella",
      "Fiambre|Presunto cozido",
      "Bacon (frito)",
      "Salmão fumado",
      "Ovo cozido (sem casca)",
      "Ovo estrelado (frito)"
    ],
    "bgColor": "#4B0082"
  },
  "fase3": {
    "id": "fase3",
    "name": "Almoço",
    "duration": 20,
    "cols": 25,
    "rows": 20,
    "foodList": [
      "Peito de frango grelhado (sem pele)",
      "Bife de vaca grelhado",
      "Bife de porco grelhado",
      "Peito de peru assado",
      "Salmão grelhado",
      "Truta grelhada",
      "Bacalhau cozido",
      "Lombinho de bacalhau salgado (dessalgado)",
      "Atum enlatado (em água, escorrido)",
      "Sardinha enlatada em óleo",
      "Camarão cozido",
      "Carne picada (vacuno, cozida, magra)",
      "Quibe assado (carne e bulgur)",
      "Falafel (sem tahine)",
      "Hambúrguer de leguminosas",
      "Tofu firme",
      "Tofu fumado",
      "Tempeh",
      "Quinoa cozida",
      "Arroz integral cozido",
      "Arroz branco cozido",
      "Massa cozida (trigo)",
      "Polenta cozida",
      "Puré de batata",
      "Batata doce assada",
      "Feijão cozido (feijão preto)",
      "Lentilhas cozidas",
      "Grão-de-bico cozido",
      "Húmus (com tahine)",
      "Molho de tomate (caseiro)",
      "Salada de folhas (mix)",
      "Brócolos cozidos",
      "Espinafres cozidos",
      "Cenoura crua",
      "Tomate (cru)",
      "Tomate cherry",
      "Pepino",
      "Berinjela grelhada",
      "Curgete grelhada",
      "Cogumelos (champignon, cozidos)",
      "Ervilhas cozidas",
      "Milho cozido",
      "Pão integral",
      "Pão de centeio",
      "Bagel integral com sementes",
      "Pão pita",
      "Queijo fresco (cottage)",
      "Queijo mozzarella",
      "Azeitonas (pretas)",
      "Azeite extra virgem",
      "Água"
    ],
    "bgColor": "#D2B48C"
  },
  "fase4": {
    "id": "fase4",
    "name": "Lanche da tarde",
    "duration": 10,
    "cols": 30,
    "rows": 24,
    "foodList": [
      "Maçã",
      "Banana",
      "Laranja (fruta)",
      "Sumo de laranja (natural)",
      "Sumo de maçã (natural)",
      "Morangos",
      "Framboesa",
      "Kiwi",
      "Pera",
      "Leite integral",
      "Leite magro",
      "Leite de amêndoa (sem açúcar, comercial)",
      "Leite de soja (sem açúcar)",
      "Iogurte natural (inteiro)",
      "Iogurte grego (integral)",
      "Café preto (sem açúcar)",
      "Chá preto (preparado)",
      "Café com leite",
      "Chocolate quente (com leite)",
      "Smoothie de morango (média)",
      "Aveia (flocos, seca)",
      "Papas de aveia (cozidas)",
      "Cereal instantâneo de aveia (preparado)",
      "Cereais flocos (cornflakes)",
      "Granola (com FRUTAS secos e mel)",
      "Muesli (sem açúcar)",
      "Pão integral",
      "Pão branco",
      "Bagel (simples)",
      "Bagel integral com sementes",
      "Croissant",
      "Torrada com tomate (preparado)",
      "Panquecas (cozidas, simples)",
      "Panqueca de aveia com banana",
      "Crepe simples",
      "Waffle",
      "Muffin de mirtilo",
      "Xarope de bordo (maple syrup)",
      "Mel (apicultura)",
      "Manteiga (normal)",
      "Manteiga de amendoim (cremosa)",
      "Nozes (mistura: noz, amêndoa, avelã) — FRUTAS secos",
      "Amêndoas cruas",
      "Amendoim torrado sem sal",
      "Sementes de chia",
      "Abacate",
      "Queijo fresco (cottage)",
      "Queijo mozzarella",
      "Fiambre|Presunto cozido",
      "Bacon (frito)",
      "Salmão fumado",
      "Ovo cozido (sem casca)",
      "Ovo estrelado (frito)"
    ],
    "bgColor": "#228B22"
  },
  "fase5": {
    "id": "fase5",
    "name": "Jantar",
    "duration": 20,
    "cols": 30,
    "rows": 24,
    "foodList": [
      "Peito de frango grelhado (sem pele)",
      "Bife de vaca grelhado",
      "Bife de porco grelhado",
      "Peito de peru assado",
      "Salmão grelhado",
      "Truta grelhada",
      "Bacalhau cozido",
      "Lombinho de bacalhau salgado (dessalgado)",
      "Atum enlatado (em água, escorrido)",
      "Sardinha enlatada em óleo",
      "Camarão cozido",
      "Carne picada (vacuno, cozida, magra)",
      "Quibe assado (carne e bulgur)",
      "Falafel (sem tahine)",
      "Hambúrguer de leguminosas",
      "Tofu firme",
      "Tofu fumado",
      "Tempeh",
      "Quinoa cozida",
      "Arroz integral cozido",
      "Arroz branco cozido",
      "Massa cozida (trigo)",
      "Polenta cozida",
      "Puré de batata",
      "Batata doce assada",
      "Feijão cozido (feijão preto)",
      "Lentilhas cozidas",
      "Grão-de-bico cozido",
      "Húmus (com tahine)",
      "Molho de tomate (caseiro)",
      "Salada de folhas (mix)",
      "Brócolos cozidos",
      "Espinafres cozidos",
      "Cenoura crua",
      "Tomate (cru)",
      "Tomate cherry",
      "Pepino",
      "Berinjela grelhada",
      "Curgete grelhada",
      "Cogumelos (champignon, cozidos)",
      "Ervilhas cozidas",
      "Milho cozido",
      "Pão integral",
      "Pão de centeio",
      "Bagel integral com sementes",
      "Pão pita",
      "Queijo fresco (cottage)",
      "Queijo mozzarella",
      "Azeitonas (pretas)",
      "Azeite extra virgem",
      "Água"
    ],
    "bgColor": "#228B22"
  }
}